wall_time,elapsed_s,event_type,event_button,event_axis,event_value,event_hat,pressed_buttons,axes,hats
2026-06-17T21:26:08.465,0.0002,JOYDEVICEADDED,,,,,[],"[0.0, 0.0, -1.0, 0.0, -0.0, -1.0]","[[0, 0]]"
2026-06-17T21:26:08.465,0.0002,4352,,,,,[],"[0.0, 0.0, -1.0, 0.0, -0.0, -1.0]","[[0, 0]]"
2026-06-17T21:26:08.515,0.0505,,,,,,[],"[0.0, 0.0, -1.0, 0.0, -0.0, -1.0]","[[0, 0]]"
2026-06-17T21:26:08.565,0.1007,,,,,,[],"[0.0, 0.0, -1.0, 0.0, -0.0, -1.0]","[[0, 0]]"
2026-06-17T21:26:08.616,0.1509,,,,,,[],"[0.0, 0.0, -1.0, 0.0, -0.0, -1.0]","[[0, 0]]"
2026-06-17T21:26:08.666,0.2011,,,,,,[],"[0.0, 0.0, -1.0, 0.0, -0.0, -1.0]","[[0, 0]]"
2026-06-17T21:26:08.716,0.2513,,,,,,[],"[0.0, 0.0, -1.0, 0.0, -0.0, -1.0]","[[0, 0]]"
2026-06-17T21:26:08.766,0.3015,,,,,,[],"[0.0, 0.0, -1.0, 0.0, -0.0, -1.0]","[[0, 0]]"
2026-06-17T21:26:08.816,0.3517,,,,,,[],"[0.0, 0.0, -1.0, 0.0, -0.0, -1.0]","[[0, 0]]"
2026-06-17T21:26:08.867,0.4019,,,,,,[],"[0.0, 0.0, -1.0, 0.0, -0.0, -1.0]","[[0, 0]]"
2026-06-17T21:26:08.917,0.4521,,,,,,[],"[0.0, 0.0, -1.0, 0.0, -0.0, -1.0]","[[0, 0]]"
2026-06-17T21:26:08.967,0.5023,,,,,,[],"[0.0, 0.0, -1.0, 0.0, -0.0, -1.0]","[[0, 0]]"
2026-06-17T21:26:09.017,0.5526,,,,,,[],"[0.0, 0.0, -1.0, 0.0, -0.0, -1.0]","[[0, 0]]"
2026-06-17T21:26:09.067,0.6028,,,,,,[],"[0.0, 0.0, -1.0, 0.0, -0.0, -1.0]","[[0, 0]]"
2026-06-17T21:26:09.118,0.653,,,,,,[],"[0.0, 0.0, -1.0, 0.0, -0.0, -1.0]","[[0, 0]]"
2026-06-17T21:26:09.168,0.7032,,,,,,[],"[0.0, 0.0, -1.0, 0.0, -0.0, -1.0]","[[0, 0]]"
2026-06-17T21:26:09.218,0.7535,,,,,,[],"[0.0, 0.0, -1.0, 0.0, -0.0, -1.0]","[[0, 0]]"
2026-06-17T21:26:09.268,0.8037,JOYAXISMOTION,,2,-1.0,,[],"[0.0, 0.0, 1.0, 0.0, -0.0, -1.0]","[[0, 0]]"
2026-06-17T21:26:09.269,0.8037,JOYAXISMOTION,,2,1.0,,[],"[0.0, 0.0, 1.0, 0.0, -0.0, -1.0]","[[0, 0]]"
2026-06-17T21:26:09.319,0.854,,,,,,[],"[0.0, 0.0, 1.0, 0.0, -0.0, -1.0]","[[0, 0]]"
2026-06-17T21:26:09.369,0.9042,,,,,,[],"[0.0, 0.0, 1.0, 0.0, -0.0, -1.0]","[[0, 0]]"
2026-06-17T21:26:09.419,0.9545,,,,,,[],"[0.0, 0.0, 1.0, 0.0, -0.0, -1.0]","[[0, 0]]"
2026-06-17T21:26:09.469,1.0047,,,,,,[],"[0.0, 0.0, 1.0, 0.0, -0.0, -1.0]","[[0, 0]]"
2026-06-17T21:26:09.520,1.0549,JOYAXISMOTION,,2,-1.0,,[],"[0.0, 0.0, -1.0, 0.0, -0.0, -1.0]","[[0, 0]]"
2026-06-17T21:26:09.570,1.1052,,,,,,[],"[0.0, 0.0, -1.0, 0.0, -0.0, -1.0]","[[0, 0]]"
2026-06-17T21:26:09.620,1.1554,,,,,,[],"[0.0, 0.0, -1.0, 0.0, -0.0, -1.0]","[[0, 0]]"
2026-06-17T21:26:09.670,1.2056,,,,,,[],"[0.0, 0.0, -1.0, 0.0, -0.0, -1.0]","[[0, 0]]"
2026-06-17T21:26:09.721,1.2558,JOYAXISMOTION,,2,1.0,,[],"[0.0, 0.0, 1.0, 0.0, -0.0, -1.0]","[[0, 0]]"
2026-06-17T21:26:09.771,1.3061,,,,,,[],"[0.0, 0.0, 1.0, 0.0, -0.0, -1.0]","[[0, 0]]"
2026-06-17T21:26:09.821,1.3562,,,,,,[],"[0.0, 0.0, 1.0, 0.0, -0.0, -1.0]","[[0, 0]]"
2026-06-17T21:26:09.871,1.4064,,,,,,[],"[0.0, 0.0, 1.0, 0.0, -0.0, -1.0]","[[0, 0]]"
2026-06-17T21:26:09.921,1.4566,,,,,,[],"[0.0, 0.0, 1.0, 0.0, -0.0, -1.0]","[[0, 0]]"
2026-06-17T21:26:09.972,1.5068,,,,,,[],"[0.0, 0.0, 1.0, 0.0, -0.0, -1.0]","[[0, 0]]"
2026-06-17T21:26:10.022,1.557,JOYAXISMOTION,,2,-1.0,,[],"[0.0, 0.0, -1.0, 0.0, -0.0, -1.0]","[[0, 0]]"
2026-06-17T21:26:10.072,1.6073,,,,,,[],"[0.0, 0.0, -1.0, 0.0, -0.0, -1.0]","[[0, 0]]"
2026-06-17T21:26:10.122,1.6575,JOYAXISMOTION,,2,1.0,,[],"[0.0, 0.0, 1.0, 0.0, -0.0, -1.0]","[[0, 0]]"
2026-06-17T21:26:10.172,1.7077,,,,,,[],"[0.0, 0.0, 1.0, 0.0, -0.0, -1.0]","[[0, 0]]"
2026-06-17T21:26:10.223,1.7579,,,,,,[],"[0.0, 0.0, 1.0, 0.0, -0.0, -1.0]","[[0, 0]]"
2026-06-17T21:26:10.273,1.8081,JOYAXISMOTION,,2,-1.0,,[],"[0.0, 0.0, -1.0, 0.0, -0.0, -1.0]","[[0, 0]]"
2026-06-17T21:26:10.323,1.8584,JOYAXISMOTION,,2,1.0,,[],"[0.0, 0.0, 1.0, 0.0, -0.0, -1.0]","[[0, 0]]"
2026-06-17T21:26:10.373,1.9087,,,,,,[],"[0.0, 0.0, 1.0, 0.0, -0.0, -1.0]","[[0, 0]]"
2026-06-17T21:26:10.424,1.9589,,,,,,[],"[0.0, 0.0, 1.0, 0.0, -0.0, -1.0]","[[0, 0]]"
2026-06-17T21:26:10.474,2.0091,JOYAXISMOTION,,2,-1.0,,[],"[0.0, 0.0, -1.0, 0.0, -0.0, -1.0]","[[0, 0]]"
2026-06-17T21:26:10.524,2.0593,JOYAXISMOTION,,2,1.0,,[],"[0.0, 0.0, 1.0, 0.0, -0.0, -1.0]","[[0, 0]]"
2026-06-17T21:26:10.574,2.1095,,,,,,[],"[0.0, 0.0, 1.0, 0.0, -0.0, -1.0]","[[0, 0]]"
2026-06-17T21:26:10.624,2.1597,,,,,,[],"[0.0, 0.0, 1.0, 0.0, -0.0, -1.0]","[[0, 0]]"
2026-06-17T21:26:10.675,2.2099,JOYAXISMOTION,,2,-1.0,,[],"[0.0, 0.0, -1.0, 0.0, -0.0, -1.0]","[[0, 0]]"
2026-06-17T21:26:10.725,2.2601,JOYAXISMOTION,,5,-1.0,,[],"[0.0, 0.0, -1.0, 0.0, -0.0, 1.0]","[[0, 0]]"
2026-06-17T21:26:10.725,2.2601,JOYAXISMOTION,,5,1.0,,[],"[0.0, 0.0, -1.0, 0.0, -0.0, 1.0]","[[0, 0]]"
2026-06-17T21:26:10.775,2.3104,,,,,,[],"[0.0, 0.0, -1.0, 0.0, -0.0, 1.0]","[[0, 0]]"
2026-06-17T21:26:10.825,2.3606,,,,,,[],"[0.0, 0.0, -1.0, 0.0, -0.0, 1.0]","[[0, 0]]"
2026-06-17T21:26:10.875,2.4108,JOYAXISMOTION,,5,-1.0,,[],"[0.0, 0.0, -1.0, 0.0, -0.0, -1.0]","[[0, 0]]"
2026-06-17T21:26:10.926,2.461,JOYAXISMOTION,,5,1.0,,[],"[0.0, 0.0, -1.0, 0.0, -0.0, 1.0]","[[0, 0]]"
2026-06-17T21:26:10.976,2.5112,,,,,,[],"[0.0, 0.0, -1.0, 0.0, -0.0, 1.0]","[[0, 0]]"
2026-06-17T21:26:11.026,2.5614,,,,,,[],"[0.0, 0.0, -1.0, 0.0, -0.0, 1.0]","[[0, 0]]"
2026-06-17T21:26:11.076,2.6117,JOYAXISMOTION,,5,-1.0,,[],"[0.0, 0.0, -1.0, 0.0, -0.0, -1.0]","[[0, 0]]"
2026-06-17T21:26:11.127,2.6619,JOYAXISMOTION,,5,1.0,,[],"[0.0, 0.0, -1.0, 0.0, -0.0, 1.0]","[[0, 0]]"
2026-06-17T21:26:11.177,2.7121,,,,,,[],"[0.0, 0.0, -1.0, 0.0, -0.0, 1.0]","[[0, 0]]"
2026-06-17T21:26:11.227,2.7623,,,,,,[],"[0.0, 0.0, -1.0, 0.0, -0.0, 1.0]","[[0, 0]]"
2026-06-17T21:26:11.277,2.8126,JOYAXISMOTION,,5,-1.0,,[],"[0.0, 0.0, -1.0, 0.0, -0.0, -1.0]","[[0, 0]]"
2026-06-17T21:26:11.327,2.8628,JOYAXISMOTION,,2,1.0,,[],"[0.0, 0.0, 1.0, 0.0, -0.0, -1.0]","[[0, 0]]"
2026-06-17T21:26:11.378,2.913,,,,,,[],"[0.0, 0.0, 1.0, 0.0, -0.0, -1.0]","[[0, 0]]"
2026-06-17T21:26:11.428,2.9631,,,,,,[],"[0.0, 0.0, 1.0, 0.0, -0.0, -1.0]","[[0, 0]]"
2026-06-17T21:26:11.478,3.0134,JOYAXISMOTION,,2,-1.0,,[],"[0.0, 0.0, -1.0, 0.0, -0.0, -1.0]","[[0, 0]]"
2026-06-17T21:26:11.528,3.0636,,,,,,[],"[0.0, 0.0, -1.0, 0.0, -0.0, -1.0]","[[0, 0]]"
2026-06-17T21:26:11.578,3.1138,JOYAXISMOTION,,2,1.0,,[],"[0.0, 0.0, 1.0, 0.0, -0.0, -1.0]","[[0, 0]]"
2026-06-17T21:26:11.629,3.164,,,,,,[],"[0.0, 0.0, 1.0, 0.0, -0.0, -1.0]","[[0, 0]]"
2026-06-17T21:26:11.679,3.2142,,,,,,[],"[0.0, 0.0, 1.0, 0.0, -0.0, -1.0]","[[0, 0]]"
2026-06-17T21:26:11.729,3.2644,JOYAXISMOTION,,2,-1.0,,[],"[0.0, 0.0, -1.0, 0.0, -0.0, -1.0]","[[0, 0]]"
2026-06-17T21:26:11.779,3.3146,,,,,,[],"[0.0, 0.0, -1.0, 0.0, -0.0, -1.0]","[[0, 0]]"
2026-06-17T21:26:11.829,3.3648,,,,,,[],"[0.0, 0.0, -1.0, 0.0, -0.0, -1.0]","[[0, 0]]"
2026-06-17T21:26:11.880,3.415,,,,,,[],"[0.0, 0.0, -1.0, 0.0, -0.0, -1.0]","[[0, 0]]"
2026-06-17T21:26:11.930,3.4651,,,,,,[],"[0.0, 0.0, -1.0, 0.0, -0.0, -1.0]","[[0, 0]]"
2026-06-17T21:26:11.980,3.5154,,,,,,[],"[0.0, 0.0, -1.0, 0.0, -0.0, -1.0]","[[0, 0]]"
2026-06-17T21:26:12.030,3.5655,,,,,,[],"[0.0, 0.0, -1.0, 0.0, -0.0, -1.0]","[[0, 0]]"
2026-06-17T21:26:12.080,3.6157,,,,,,[],"[0.0, 0.0, -1.0, 0.0, -0.0, -1.0]","[[0, 0]]"
2026-06-17T21:26:12.131,3.6659,,,,,,[],"[0.0, 0.0, -1.0, 0.0, -0.0, -1.0]","[[0, 0]]"
2026-06-17T21:26:12.181,3.7161,,,,,,[],"[0.0, 0.0, -1.0, 0.0, -0.0, -1.0]","[[0, 0]]"
2026-06-17T21:26:12.231,3.7663,,,,,,[],"[0.0, 0.0, -1.0, 0.0, -0.0, -1.0]","[[0, 0]]"
2026-06-17T21:26:12.281,3.8165,,,,,,[],"[0.0, 0.0, -1.0, 0.0, -0.0, -1.0]","[[0, 0]]"
2026-06-17T21:26:12.332,3.8668,,,,,,[],"[0.0, 0.0, -1.0, 0.0, -0.0, -1.0]","[[0, 0]]"
2026-06-17T21:26:12.382,3.9171,,,,,,[],"[0.0, 0.0, -1.0, 0.0, -0.0, -1.0]","[[0, 0]]"
2026-06-17T21:26:12.432,3.9673,,,,,,[],"[0.0, 0.0, -1.0, 0.0, -0.0, -1.0]","[[0, 0]]"
2026-06-17T21:26:12.482,4.0175,,,,,,[],"[0.0, 0.0, -1.0, 0.0, -0.0, -1.0]","[[0, 0]]"
2026-06-17T21:26:12.532,4.0677,,,,,,[],"[0.0, 0.0, -1.0, 0.0, -0.0, -1.0]","[[0, 0]]"
2026-06-17T21:26:12.583,4.1179,,,,,,[],"[0.0, 0.0, -1.0, 0.0, -0.0, -1.0]","[[0, 0]]"
2026-06-17T21:26:12.633,4.1681,,,,,,[],"[0.0, 0.0, -1.0, 0.0, -0.0, -1.0]","[[0, 0]]"
2026-06-17T21:26:12.683,4.2183,,,,,,[],"[0.0, 0.0, -1.0, 0.0, -0.0, -1.0]","[[0, 0]]"
2026-06-17T21:26:12.733,4.2685,,,,,,[],"[0.0, 0.0, -1.0, 0.0, -0.0, -1.0]","[[0, 0]]"
2026-06-17T21:26:12.784,4.3189,,,,,,[],"[0.0, 0.0, -1.0, 0.0, -0.0, -1.0]","[[0, 0]]"
2026-06-17T21:26:12.834,4.3691,,,,,,[],"[0.0, 0.0, -1.0, 0.0, -0.0, -1.0]","[[0, 0]]"
2026-06-17T21:26:12.884,4.4194,,,,,,[],"[0.0, 0.0, -1.0, 0.0, -0.0, -1.0]","[[0, 0]]"
2026-06-17T21:26:12.934,4.4696,,,,,,[],"[0.0, 0.0, -1.0, 0.0, -0.0, -1.0]","[[0, 0]]"
2026-06-17T21:26:12.985,4.5199,,,,,,[],"[0.0, 0.0, -1.0, 0.0, -0.0, -1.0]","[[0, 0]]"
2026-06-17T21:26:13.035,4.5701,,,,,,[],"[0.0, 0.0, -1.0, 0.0, -0.0, -1.0]","[[0, 0]]"
2026-06-17T21:26:13.085,4.6203,,,,,,[],"[0.0, 0.0, -1.0, 0.0, -0.0, -1.0]","[[0, 0]]"
2026-06-17T21:26:13.135,4.6705,,,,,,[],"[0.0, 0.0, -1.0, 0.0, -0.0, -1.0]","[[0, 0]]"
2026-06-17T21:26:13.185,4.7207,,,,,,[],"[0.0, 0.0, -1.0, 0.0, -0.0, -1.0]","[[0, 0]]"
2026-06-17T21:26:13.236,4.7709,,,,,,[],"[0.0, 0.0, -1.0, 0.0, -0.0, -1.0]","[[0, 0]]"
